dataset,soil.id,incubation.hours,soil.temp,moisture.g.per.g,soc.g.per.kg
Duke3,DUKE_0-15,240,35,0.21,13.490198310764
Duke3,DUKE_0-15,624,35,0.21,12.997227833413
Duke3,DUKE_0-15,1056,35,0.21,12.624569480764
Duke3,DUKE_0-15,1344,35,0.21,12.444845593311
Duke3,DUKE_0-15,2328,35,0.21,12.048729663028
Duke3,DUKE_0-15,4248,35,0.21,11.604258637657
Duke3,DUKE_0-15,5064,35,0.21,11.445618395356
Duke3,DUKE_0-15,5376,35,0.21,11.386118347997
Duke3,DUKE_0-15,8952,35,0.21,10.714604444366
